{
  "QD Score": {
    "x": [
      0,
      250,
      500,
      750,
      1000,
      1250,
      1500,
      1750,
      2000,
      2250,
      2500,
      2750,
      3000,
      3250,
      3500,
      3750,
      4000,
      4250,
      4500
    ],
    "y": [
      0.0,
      1682808.7353407764,
      2516202.5497000725,
      3036598.906344304,
      3206961.3528495207,
      3344191.8453537617,
      3448120.64068945,
      3562739.862974078,
      3698647.239306814,
      3745652.513434142,
      3843949.0702110804,
      3911085.6621965338,
      4003409.6416591858,
      4053739.5666565457,
      4099653.639285288,
      4138980.7050309,
      4155985.386739852,
      4190680.1162527855,
      4221254.97084139
    ]
  },
  "Archive Coverage": {
    "x": [
      0,
      250,
      500,
      750,
      1000,
      1250,
      1500,
      1750,
      2000,
      2250,
      2500,
      2750,
      3000,
      3250,
      3500,
      3750,
      4000,
      4250,
      4500
    ],
    "y": [
      0.0,
      7.3904,
      10.786800000000001,
      13.036,
      13.751199999999999,
      14.3172,
      14.7532,
      15.218000000000002,
      15.7852,
      15.970799999999999,
      16.4264,
      16.758799999999997,
      17.146800000000002,
      17.3596,
      17.5428,
      17.691200000000002,
      17.7536,
      17.9028,
      18.032400000000003
    ]
  }
}