{
  "QD Score": {
    "x": [
      0,
      250,
      500,
      750,
      1000,
      1250,
      1500,
      1750,
      2000,
      2250,
      2500,
      2750,
      3000,
      3250,
      3500,
      3750,
      4000,
      4250,
      4500
    ],
    "y": [
      0.0,
      6335.814340809235,
      8185.93566804223,
      9197.504396479771,
      9986.12449709782,
      10801.374265188977,
      11442.845635730206,
      11934.221112117335,
      12243.257738462258,
      12348.727541300737,
      12732.761065178125,
      13154.311010414647,
      13648.477628132754,
      13901.046896437969,
      14108.230195754448,
      14210.120805714445,
      14538.034873274959,
      14643.432644737899,
      14798.40328672971
    ]
  },
  "Archive Coverage": {
    "x": [
      0,
      250,
      500,
      750,
      1000,
      1250,
      1500,
      1750,
      2000,
      2250,
      2500,
      2750,
      3000,
      3250,
      3500,
      3750,
      4000,
      4250,
      4500
    ],
    "y": [
      0.0,
      0.031599999999999996,
      0.0404,
      0.0452,
      0.0484,
      0.0524,
      0.0556,
      0.0576,
      0.0588,
      0.059199999999999996,
      0.06080000000000001,
      0.0628,
      0.06520000000000001,
      0.0664,
      0.0672,
      0.0676,
      0.0692,
      0.0696,
      0.0704
    ]
  }
}