{
  "QD Score": {
    "x": [
      0,
      250,
      500,
      750,
      1000,
      1250,
      1500,
      1750,
      2000,
      2250,
      2500,
      2750,
      3000,
      3250,
      3500,
      3750,
      4000,
      4250,
      4500
    ],
    "y": [
      0.0,
      2103136.9706011675,
      3096211.559866195,
      3574564.789155608,
      3829615.925574881,
      4184951.8585103913,
      4452719.698359296,
      4630727.018281154,
      4676304.985817648,
      4688708.340554412,
      4753057.85316498,
      4898596.795270893,
      4953170.4262408,
      4993186.4269439485,
      5026926.943304566,
      5065900.347335972,
      5085736.341980805,
      5094277.552309837,
      5097361.538583077
    ]
  },
  "Archive Coverage": {
    "x": [
      0,
      250,
      500,
      750,
      1000,
      1250,
      1500,
      1750,
      2000,
      2250,
      2500,
      2750,
      3000,
      3250,
      3500,
      3750,
      4000,
      4250,
      4500
    ],
    "y": [
      0.0,
      20.752000000000002,
      27.777600000000003,
      30.463600000000003,
      31.169999999999998,
      31.518800000000002,
      32.0428,
      32.3888,
      32.4488,
      32.4552,
      32.4788,
      32.6132,
      32.6196,
      32.6224,
      32.6252,
      32.6252,
      32.628,
      32.6304,
      32.6336
    ]
  }
}