{
  "QD Score": {
    "x": [
      0,
      250,
      500,
      750,
      1000,
      1250,
      1500,
      1750,
      2000,
      2250,
      2500,
      2750,
      3000,
      3250,
      3500,
      3750,
      4000,
      4250,
      4500
    ],
    "y": [
      0.0,
      11626.597228492818,
      16230.86573924145,
      18910.286006878796,
      21148.630153585123,
      23148.753930600345,
      24463.11603295407,
      25686.65258768552,
      26581.843243887386,
      27819.01710184904,
      28746.47491304063,
      29009.646639510123,
      29466.507617070176,
      29694.021742500292,
      30075.49254830277,
      30732.133203030113,
      31040.984720797736,
      31388.007582911,
      31750.4903192918
    ]
  },
  "Archive Coverage": {
    "x": [
      0,
      250,
      500,
      750,
      1000,
      1250,
      1500,
      1750,
      2000,
      2250,
      2500,
      2750,
      3000,
      3250,
      3500,
      3750,
      4000,
      4250,
      4500
    ],
    "y": [
      0.0,
      0.0604,
      0.086,
      0.1008,
      0.1124,
      0.12279999999999999,
      0.1292,
      0.1356,
      0.13999999999999999,
      0.146,
      0.15,
      0.1508,
      0.15280000000000002,
      0.15360000000000001,
      0.1552,
      0.158,
      0.1592,
      0.1604,
      0.16199999999999998
    ]
  }
}