{
  "QD Score": {
    "x": [
      0,
      250,
      500,
      750,
      1000,
      1250,
      1500,
      1750,
      2000,
      2250,
      2500,
      2750,
      3000,
      3250,
      3500,
      3750,
      4000,
      4250,
      4500
    ],
    "y": [
      0.0,
      28275.165416111256,
      29589.73144716518,
      30595.638351402784,
      31281.726913779472,
      31546.74506625033,
      31761.358762063843,
      31963.63250965361,
      32228.070651494265,
      32483.357803855357,
      32521.73786050966,
      32746.552142779026,
      32946.96675551658,
      33128.89022676753,
      33328.10159242463,
      33426.30198778803,
      33523.19846193405,
      33598.75073545615,
      33676.17122271031
    ]
  },
  "Archive Coverage": {
    "x": [
      0,
      250,
      500,
      750,
      1000,
      1250,
      1500,
      1750,
      2000,
      2250,
      2500,
      2750,
      3000,
      3250,
      3500,
      3750,
      4000,
      4250,
      4500
    ],
    "y": [
      0.0,
      0.12639999999999998,
      0.132,
      0.1364,
      0.1396,
      0.1404,
      0.1412,
      0.14200000000000002,
      0.1432,
      0.1444,
      0.1444,
      0.1456,
      0.1464,
      0.1472,
      0.148,
      0.1484,
      0.1488,
      0.1492,
      0.14959999999999998
    ]
  }
}