{
  "QD Score": {
    "x": [
      0,
      250,
      500,
      750,
      1000,
      1250,
      1500,
      1750,
      2000,
      2250,
      2500,
      2750,
      3000
    ],
    "y": [
      0.0,
      2470321.150112317,
      2556623.8070923197,
      2564532.987277018,
      2610004.4291440626,
      2688179.2143167383,
      2771001.6150436965,
      2856200.2117234054,
      2905394.235481899,
      3096848.1411309233,
      3240925.2588776527,
      3307032.176913616,
      3340601.5336089237
    ]
  },
  "Archive Coverage": {
    "x": [
      0,
      250,
      500,
      750,
      1000,
      1250,
      1500,
      1750,
      2000,
      2250,
      2500,
      2750,
      3000
    ],
    "y": [
      0.0,
      10.282399999999999,
      10.5956,
      10.6152,
      10.7848,
      11.0688,
      11.3408,
      11.651200000000001,
      11.842,
      12.598799999999999,
      13.1644,
      13.4216,
      13.553999999999998
    ]
  }
}