{
  "QD Score": {
    "x": [
      0,
      250,
      500,
      750,
      1000,
      1250,
      1500,
      1750,
      2000,
      2250,
      2500,
      2750,
      3000,
      3250,
      3500,
      3750,
      4000,
      4250,
      4500
    ],
    "y": [
      0.0,
      6437034.37644438,
      10154406.971200906,
      12267738.524480246,
      14082991.167019792,
      15496842.350247473,
      16708944.709200878,
      18027242.406946443,
      19241937.336794727,
      19559055.24042111,
      19707391.812988907,
      20037460.41667551,
      20080193.210234344,
      20101004.685443923,
      20120470.701186337,
      20133513.24920453,
      20146245.118445657,
      20156917.54042651,
      20165757.85991064
    ]
  },
  "Archive Coverage": {
    "x": [
      0,
      250,
      500,
      750,
      1000,
      1250,
      1500,
      1750,
      2000,
      2250,
      2500,
      2750,
      3000,
      3250,
      3500,
      3750,
      4000,
      4250,
      4500
    ],
    "y": [
      0.0,
      28.5464,
      44.3144,
      52.75959999999999,
      60.4328,
      66.634,
      71.648,
      77.0464,
      81.7832,
      82.774,
      83.2724,
      84.6544,
      84.7944,
      84.85000000000001,
      84.90480000000001,
      84.9352,
      84.9712,
      85.0,
      85.0244
    ]
  }
}