{
  "QD Score": {
    "x": [
      0,
      250,
      500,
      750,
      1000,
      1250,
      1500,
      1750,
      2000,
      2250,
      2500,
      2750,
      3000,
      3250,
      3500,
      3750,
      4000,
      4250,
      4500
    ],
    "y": [
      0.0,
      407655.68025430874,
      408044.8989644381,
      408377.5010414342,
      408557.2002193796,
      408595.8558027994,
      408626.2813692484,
      408658.04423344415,
      408679.21641576843,
      408694.0930637166,
      408707.66899267386,
      408716.54795889114,
      408729.26107795135,
      408737.4563933142,
      408745.21993027435,
      408751.58219880087,
      408758.43181575893,
      408764.0569399753,
      408769.363933605
    ]
  },
  "Archive Coverage": {
    "x": [
      0,
      250,
      500,
      750,
      1000,
      1250,
      1500,
      1750,
      2000,
      2250,
      2500,
      2750,
      3000,
      3250,
      3500,
      3750,
      4000,
      4250,
      4500
    ],
    "y": [
      0.0,
      1.6383999999999999,
      1.6383999999999999,
      1.6383999999999999,
      1.6383999999999999,
      1.6383999999999999,
      1.6383999999999999,
      1.6383999999999999,
      1.6383999999999999,
      1.6383999999999999,
      1.6383999999999999,
      1.6383999999999999,
      1.6383999999999999,
      1.6383999999999999,
      1.6383999999999999,
      1.6383999999999999,
      1.6383999999999999,
      1.6383999999999999,
      1.6383999999999999
    ]
  }
}