{
  "QD Score": {
    "x": [
      0,
      250,
      500,
      750,
      1000,
      1250,
      1500,
      1750,
      2000,
      2250,
      2500,
      2750,
      3000,
      3250,
      3500,
      3750,
      4000,
      4250,
      4500
    ],
    "y": [
      0.0,
      1774087.3298312805,
      1977401.0816098223,
      2023052.635075937,
      2109124.450889716,
      2204207.3128602374,
      2225336.559787381,
      2234790.8504440915,
      2235090.040353161,
      2235203.6922385483,
      2235558.663426821,
      2236944.5127949314,
      2240516.3189339987,
      2300727.6567794317,
      2387010.5166834095,
      2411106.969713246,
      2489427.5531097557,
      2592682.9828343857,
      2604402.2484907624
    ]
  },
  "Archive Coverage": {
    "x": [
      0,
      250,
      500,
      750,
      1000,
      1250,
      1500,
      1750,
      2000,
      2250,
      2500,
      2750,
      3000,
      3250,
      3500,
      3750,
      4000,
      4250,
      4500
    ],
    "y": [
      0.0,
      7.3464,
      8.149199999999999,
      8.3248,
      8.6844,
      9.0912,
      9.1752,
      9.2124,
      9.2124,
      9.2124,
      9.2128,
      9.218,
      9.233600000000001,
      9.49,
      9.854000000000001,
      9.9552,
      10.2936,
      10.7308,
      10.7712
    ]
  }
}