{
  "QD Score": {
    "x": [
      0,
      250,
      500,
      750,
      1000,
      1250,
      1500,
      1750,
      2000,
      2250,
      2500,
      2750,
      3000,
      3250,
      3500,
      3750,
      4000,
      4250,
      4500
    ],
    "y": [
      0.0,
      3801.18826117098,
      4944.061613081654,
      5939.226775213039,
      6513.928408490365,
      7098.969042212311,
      7827.219481466931,
      8282.9294761592,
      8592.163047144306,
      8978.067184988427,
      9356.102575012337,
      9630.606119113076,
      9891.431450251137,
      10137.900623206244,
      10408.088996049395,
      10669.004990824518,
      10862.820940141264,
      11027.11758932631,
      11201.41088066272
    ]
  },
  "Archive Coverage": {
    "x": [
      0,
      250,
      500,
      750,
      1000,
      1250,
      1500,
      1750,
      2000,
      2250,
      2500,
      2750,
      3000,
      3250,
      3500,
      3750,
      4000,
      4250,
      4500
    ],
    "y": [
      0.0,
      0.07200000000000001,
      0.1168,
      0.1564,
      0.18359999999999999,
      0.20240000000000002,
      0.2208,
      0.2352,
      0.24880000000000002,
      0.26080000000000003,
      0.272,
      0.2788,
      0.28400000000000003,
      0.29,
      0.2956,
      0.29919999999999997,
      0.3032,
      0.30560000000000004,
      0.31
    ]
  }
}