{
  "QD Score": {
    "x": [
      0,
      250,
      500,
      750,
      1000,
      1250,
      1500,
      1750,
      2000,
      2250,
      2500,
      2750,
      3000,
      3250,
      3500,
      3750,
      4000,
      4250,
      4500
    ],
    "y": [
      0.0,
      4113436.6583710182,
      6409378.406280222,
      7913859.478258618,
      9583301.293525193,
      10904080.032814391,
      12051422.36250682,
      13071419.168193644,
      13569307.781833237,
      14274793.484185515,
      15018720.819326399,
      15474715.325241024,
      15811080.93234904,
      16184532.831322335,
      16594185.831796205,
      16900846.317624424,
      17187805.53452583,
      17365520.059592962,
      17710992.88151556
    ]
  },
  "Archive Coverage": {
    "x": [
      0,
      250,
      500,
      750,
      1000,
      1250,
      1500,
      1750,
      2000,
      2250,
      2500,
      2750,
      3000,
      3250,
      3500,
      3750,
      4000,
      4250,
      4500
    ],
    "y": [
      0.0,
      23.8812,
      36.952400000000004,
      44.8588,
      54.208,
      60.8536,
      66.6532,
      70.92439999999999,
      72.7124,
      75.5964,
      78.30279999999999,
      79.4352,
      80.402,
      81.7708,
      83.44080000000001,
      84.5716,
      85.5016,
      86.036,
      87.21039999999999
    ]
  }
}