{
  "QD Score": {
    "x": [
      0,
      250,
      500,
      750,
      1000,
      1250,
      1500,
      1750,
      2000,
      2250,
      2500,
      2750,
      3000,
      3250,
      3500,
      3750,
      4000,
      4250,
      4500
    ],
    "y": [
      0.0,
      684431.7783364768,
      1064665.3988516738,
      1318366.9361069615,
      1464962.052461861,
      1600180.7592495775,
      1678484.011435706,
      1733477.227851192,
      1748827.7545248524,
      1773366.7265586106,
      1801876.9681777202,
      1884867.5981072579,
      1926358.4065282745,
      1942113.1435346322,
      1961965.0712038162,
      1989058.1512931483,
      2038262.0018007676,
      2063527.8650999248,
      2100594.1913583716
    ]
  },
  "Archive Coverage": {
    "x": [
      0,
      250,
      500,
      750,
      1000,
      1250,
      1500,
      1750,
      2000,
      2250,
      2500,
      2750,
      3000,
      3250,
      3500,
      3750,
      4000,
      4250,
      4500
    ],
    "y": [
      0.0,
      12.6084,
      14.3308,
      14.9192,
      15.326400000000001,
      15.578800000000001,
      15.6496,
      15.6784,
      15.6932,
      15.7044,
      15.7152,
      16.4856,
      16.7944,
      16.8044,
      16.8808,
      17.0752,
      17.668400000000002,
      17.8508,
      18.015600000000003
    ]
  }
}