{
  "QD Score": {
    "x": [
      0,
      250,
      500,
      750,
      1000,
      1250,
      1500,
      1750,
      2000,
      2250,
      2500,
      2750,
      3000,
      3250,
      3500,
      3750,
      4000,
      4250,
      4500
    ],
    "y": [
      0.0,
      4965302.139464872,
      7546494.474081395,
      9478452.730062403,
      11221308.239784619,
      12715567.887744512,
      13868782.103096489,
      14781536.704052152,
      15593553.871350186,
      16210503.56585819,
      16670912.968459498,
      17078325.662379608,
      17533180.464793887,
      17794361.12775583,
      18029924.770444736,
      18383096.3502904,
      18691347.772505254,
      18970604.133939397,
      19267502.934951305
    ]
  },
  "Archive Coverage": {
    "x": [
      0,
      250,
      500,
      750,
      1000,
      1250,
      1500,
      1750,
      2000,
      2250,
      2500,
      2750,
      3000,
      3250,
      3500,
      3750,
      4000,
      4250,
      4500
    ],
    "y": [
      0.0,
      25.690800000000003,
      39.044000000000004,
      48.7588,
      57.387600000000006,
      64.4568,
      69.0408,
      73.0212,
      76.466,
      79.012,
      80.4044,
      81.7264,
      83.4516,
      84.0436,
      84.5588,
      85.6188,
      86.4332,
      87.4396,
      88.4404
    ]
  }
}