{
  "QD Score": {
    "x": [
      0,
      250,
      500,
      750,
      1000,
      1250,
      1500,
      1750,
      2000,
      2250,
      2500,
      2750,
      3000,
      3250,
      3500,
      3750,
      4000,
      4250,
      4500
    ],
    "y": [
      0.0,
      399167.3371979454,
      400836.617910446,
      401705.6574142304,
      402351.83971117565,
      402833.15287402936,
      403109.48678309936,
      403262.89557959477,
      403441.8961031443,
      403613.4009101835,
      403752.8894895294,
      403855.03713776736,
      403955.62564221956,
      404065.4462759112,
      404152.88014450774,
      404236.74362618406,
      404303.30470489187,
      404374.19782594935,
      404435.6520216421
    ]
  },
  "Archive Coverage": {
    "x": [
      0,
      250,
      500,
      750,
      1000,
      1250,
      1500,
      1750,
      2000,
      2250,
      2500,
      2750,
      3000,
      3250,
      3500,
      3750,
      4000,
      4250,
      4500
    ],
    "y": [
      0.0,
      1.6383999999999999,
      1.6383999999999999,
      1.6383999999999999,
      1.6383999999999999,
      1.6383999999999999,
      1.6383999999999999,
      1.6383999999999999,
      1.6383999999999999,
      1.6383999999999999,
      1.6383999999999999,
      1.6383999999999999,
      1.6383999999999999,
      1.6383999999999999,
      1.6383999999999999,
      1.6383999999999999,
      1.6383999999999999,
      1.6383999999999999,
      1.6383999999999999
    ]
  }
}