{
  "QD Score": {
    "x": [
      0,
      250,
      500
    ],
    "y": [
      0.0,
      6250852.250173947,
      9879273.138430852
    ]
  },
  "Archive Coverage": {
    "x": [
      0,
      250,
      500
    ],
    "y": [
      0.0,
      27.51,
      42.891600000000004
    ]
  }
}