{
  "QD Score": {
    "x": [
      0,
      250,
      500,
      750,
      1000,
      1250,
      1500,
      1750,
      2000,
      2250,
      2500,
      2750,
      3000,
      3250,
      3500,
      3750,
      4000,
      4250,
      4500
    ],
    "y": [
      0.0,
      4774625.5600969,
      7158176.314292061,
      8471762.173701923,
      9954440.281543687,
      11304127.88358139,
      12153966.680453133,
      12896736.54245156,
      13638303.849085938,
      14261687.724479308,
      14564758.529758349,
      14682844.606541483,
      14752748.18634863,
      14838267.476776505,
      14862930.992629573,
      14885656.189097097,
      14896801.848935451,
      14997315.840884795,
      15005466.997193024
    ]
  },
  "Archive Coverage": {
    "x": [
      0,
      250,
      500,
      750,
      1000,
      1250,
      1500,
      1750,
      2000,
      2250,
      2500,
      2750,
      3000,
      3250,
      3500,
      3750,
      4000,
      4250,
      4500
    ],
    "y": [
      0.0,
      29.302,
      42.7312,
      49.656800000000004,
      58.4456,
      66.3784,
      71.1584,
      75.4604,
      79.582,
      82.99,
      84.414,
      84.9108,
      85.1948,
      85.6336,
      85.7368,
      85.8408,
      85.86359999999999,
      86.31360000000001,
      86.3288
    ]
  }
}