{
  "QD Score": {
    "x": [
      0,
      250,
      500,
      750,
      1000,
      1250,
      1500,
      1750,
      2000,
      2250,
      2500,
      2750,
      3000,
      3250,
      3500,
      3750,
      4000,
      4250,
      4500
    ],
    "y": [
      0.0,
      25256.009597921926,
      32592.67035095752,
      39350.69007251355,
      45779.46178631365,
      51737.39444300305,
      58960.18124003806,
      65557.91385703944,
      71945.21930776854,
      78412.49476245823,
      85318.02003490728,
      92228.70563496437,
      98387.73056206596,
      105159.53929820142,
      111267.53669397821,
      117332.82290413228,
      124227.18551396155,
      130104.76679606205,
      135815.7562280502
    ]
  },
  "Archive Coverage": {
    "x": [
      0,
      250,
      500,
      750,
      1000,
      1250,
      1500,
      1750,
      2000,
      2250,
      2500,
      2750,
      3000,
      3250,
      3500,
      3750,
      4000,
      4250,
      4500
    ],
    "y": [
      0.0,
      0.23600000000000002,
      0.328,
      0.4176,
      0.5075999999999999,
      0.5963999999999999,
      0.6868,
      0.7732,
      0.8628,
      0.9508000000000001,
      1.038,
      1.1268,
      1.2104,
      1.2944,
      1.3836,
      1.4736,
      1.5596,
      1.6396000000000002,
      1.7288000000000001
    ]
  }
}