{
  "QD Score": {
    "x": [
      0,
      250,
      500,
      750,
      1000,
      1250,
      1500,
      1750,
      2000,
      2250,
      2500,
      2750,
      3000,
      3250,
      3500,
      3750,
      4000,
      4250,
      4500
    ],
    "y": [
      0.0,
      5497.818544386678,
      7808.722221373897,
      9193.413123294658,
      10361.497597576585,
      11177.067904981566,
      11768.801597488371,
      12228.388078724256,
      12674.336376992796,
      13052.798119938325,
      13350.74413467274,
      13603.681682590146,
      13831.61459837625,
      13905.434427155025,
      14108.981902201158,
      14196.36901710118,
      14308.072620447483,
      14424.441321666965,
      14557.875437523157
    ]
  },
  "Archive Coverage": {
    "x": [
      0,
      250,
      500,
      750,
      1000,
      1250,
      1500,
      1750,
      2000,
      2250,
      2500,
      2750,
      3000,
      3250,
      3500,
      3750,
      4000,
      4250,
      4500
    ],
    "y": [
      0.0,
      0.06999999999999999,
      0.1044,
      0.12240000000000001,
      0.1376,
      0.148,
      0.1548,
      0.1588,
      0.1628,
      0.1664,
      0.16999999999999998,
      0.172,
      0.174,
      0.174,
      0.17520000000000002,
      0.17600000000000002,
      0.1764,
      0.1768,
      0.1784
    ]
  }
}