{
  "QD Score": {
    "x": [
      0,
      250,
      500,
      750,
      1000,
      1250,
      1500,
      1750,
      2000,
      2250,
      2500,
      2750,
      3000,
      3250,
      3500,
      3750,
      4000,
      4250,
      4500
    ],
    "y": [
      0.0,
      29262.51782624537,
      30185.164357204136,
      31550.347016440217,
      32133.790655959307,
      32239.02781539726,
      32464.434139904857,
      32754.307583281567,
      32773.50118521379,
      35072.1307394706,
      35873.88087476547,
      36043.838783288185,
      36123.471620684686,
      36335.220539545284,
      36517.22686095343,
      36544.69035662991,
      36670.00694342829,
      36687.159672380105,
      36691.48515240765
    ]
  },
  "Archive Coverage": {
    "x": [
      0,
      250,
      500,
      750,
      1000,
      1250,
      1500,
      1750,
      2000,
      2250,
      2500,
      2750,
      3000,
      3250,
      3500,
      3750,
      4000,
      4250,
      4500
    ],
    "y": [
      0.0,
      0.128,
      0.1316,
      0.1376,
      0.1404,
      0.1408,
      0.1416,
      0.1428,
      0.1428,
      0.15360000000000001,
      0.1568,
      0.1572,
      0.1576,
      0.15839999999999999,
      0.1592,
      0.1592,
      0.1596,
      0.1596,
      0.1596
    ]
  }
}