{
  "QD Score": {
    "x": [
      0,
      250,
      500,
      750,
      1000,
      1250,
      1500,
      1750,
      2000,
      2250,
      2500,
      2750,
      3000,
      3250,
      3500,
      3750,
      4000,
      4250,
      4500,
      4750,
      5000,
      5250,
      5500,
      5750,
      6000
    ],
    "y": [
      0.0,
      1161099.3950767573,
      1167378.0794146077,
      1176547.00265453,
      1199342.0293589216,
      1206801.3398442364,
      1210167.3945483803,
      1213376.554013872,
      1220887.46339639,
      1236612.890762119,
      1237428.2442045303,
      1237500.2655381016,
      1237649.6705482001,
      1238240.3087288504,
      1238425.3089781525,
      1238781.1515764194,
      1239110.4056878705,
      1239184.6083671276,
      1239421.7783618243,
      1239572.91814327,
      1239710.9646292038,
      1239937.745120796,
      1240015.4787981247,
      1240171.2198865223,
      1240317.5236275024
    ]
  },
  "Archive Coverage": {
    "x": [
      0,
      250,
      500,
      750,
      1000,
      1250,
      1500,
      1750,
      2000,
      2250,
      2500,
      2750,
      3000,
      3250,
      3500,
      3750,
      4000,
      4250,
      4500,
      4750,
      5000,
      5250,
      5500,
      5750,
      6000
    ],
    "y": [
      0.0,
      6.2692,
      6.2832,
      6.3072,
      6.393600000000001,
      6.410399999999999,
      6.412800000000001,
      6.4232,
      6.453200000000001,
      6.5176,
      6.5176,
      6.5176,
      6.5176,
      6.5196000000000005,
      6.52,
      6.5212,
      6.5224,
      6.5224,
      6.5232,
      6.5236,
      6.524000000000001,
      6.5248,
      6.5248,
      6.525200000000001,
      6.5256
    ]
  }
}