{
  "QD Score": {
    "x": [
      0,
      250,
      500,
      750,
      1000,
      1250,
      1500,
      1750,
      2000,
      2250,
      2500,
      2750,
      3000,
      3250,
      3500,
      3750,
      4000,
      4250,
      4500
    ],
    "y": [
      0.0,
      2289243.839102385,
      2863824.0406084647,
      3235676.8292515525,
      3472985.5250521237,
      3565199.4758547666,
      3628289.919548374,
      3740453.145075166,
      3803422.8508106363,
      3848085.455130683,
      3918340.5845093126,
      3964623.6497553326,
      4009816.346330813,
      4049331.8031306937,
      4090455.058440921,
      4130164.4814009755,
      4159435.1716996776,
      4206012.888576307,
      4312934.231044025
    ]
  },
  "Archive Coverage": {
    "x": [
      0,
      250,
      500,
      750,
      1000,
      1250,
      1500,
      1750,
      2000,
      2250,
      2500,
      2750,
      3000,
      3250,
      3500,
      3750,
      4000,
      4250,
      4500
    ],
    "y": [
      0.0,
      10.2104,
      12.644400000000001,
      14.3196,
      15.363199999999999,
      15.7496,
      16.0156,
      16.4924,
      16.7576,
      16.9396,
      17.2368,
      17.43,
      17.6192,
      17.782,
      17.944,
      18.1152,
      18.2332,
      18.4416,
      18.895999999999997
    ]
  }
}