{
  "QD Score": {
    "x": [
      0,
      250,
      500,
      750,
      1000,
      1250,
      1500,
      1750,
      2000,
      2250,
      2500,
      2750,
      3000,
      3250,
      3500,
      3750,
      4000,
      4250,
      4500
    ],
    "y": [
      0.0,
      2671402.3263671594,
      5106266.257095789,
      7264261.210903754,
      9176922.73506103,
      10872022.76513742,
      12371717.69656365,
      13699450.880703408,
      14893955.756340198,
      15945326.955599261,
      16895074.945857532,
      17751475.03534102,
      18527170.679971907,
      19219250.62287924,
      19844347.972384337,
      20407679.132157005,
      20915127.078282494,
      21363406.37329653,
      21764997.078915976
    ]
  },
  "Archive Coverage": {
    "x": [
      0,
      250,
      500,
      750,
      1000,
      1250,
      1500,
      1750,
      2000,
      2250,
      2500,
      2750,
      3000,
      3250,
      3500,
      3750,
      4000,
      4250,
      4500
    ],
    "y": [
      0.0,
      16.703599999999998,
      31.818800000000003,
      44.4452,
      54.842,
      63.4024,
      70.3832,
      76.0548,
      80.6624,
      84.3408,
      87.3072,
      89.748,
      91.7008,
      93.2932,
      94.57,
      95.6108,
      96.4468,
      97.1252,
      97.6884
    ]
  }
}