{
  "QD Score": {
    "x": [
      0,
      250,
      500,
      750,
      1000,
      1250,
      1500,
      1750,
      2000,
      2250,
      2500,
      2750,
      3000,
      3250,
      3500,
      3750,
      4000,
      4250,
      4500
    ],
    "y": [
      0.0,
      3407740.520240443,
      4957484.572665272,
      6027049.685361541,
      6840682.746930642,
      7491910.202192158,
      8025302.3388856985,
      8472695.546850517,
      8853934.3632788,
      9193252.291646488,
      9487913.038870202,
      9749877.46334684,
      9975423.527079612,
      10181306.175868422,
      10369990.843766259,
      10539021.211048702,
      10697770.526887404,
      10837740.710444698,
      10971159.559709636
    ]
  },
  "Archive Coverage": {
    "x": [
      0,
      250,
      500,
      750,
      1000,
      1250,
      1500,
      1750,
      2000,
      2250,
      2500,
      2750,
      3000,
      3250,
      3500,
      3750,
      4000,
      4250,
      4500
    ],
    "y": [
      0.0,
      18.67,
      25.613999999999997,
      30.1164,
      33.4204,
      36.0148,
      38.1372,
      39.866,
      41.3452,
      42.6696,
      43.8292,
      44.8544,
      45.738,
      46.5396,
      47.2784,
      47.9244,
      48.544399999999996,
      49.0776,
      49.593199999999996
    ]
  }
}