{
  "QD Score": {
    "x": [
      0,
      250,
      500,
      750,
      1000,
      1250,
      1500,
      1750,
      2000,
      2250,
      2500,
      2750,
      3000,
      3250,
      3500,
      3750,
      4000,
      4250,
      4500
    ],
    "y": [
      0.0,
      6751642.869038301,
      10166273.979829555,
      12583430.467074018,
      14609492.262147417,
      16143764.539046392,
      16892924.065174382,
      17550274.702181358,
      17921212.087113436,
      18096353.562385105,
      18138572.826362565,
      18341095.926681206,
      18614686.59481504,
      18668828.746144854,
      18684374.33273154,
      18695726.961353276,
      18706946.16710287,
      18715418.795718145,
      18724117.562562685
    ]
  },
  "Archive Coverage": {
    "x": [
      0,
      250,
      500,
      750,
      1000,
      1250,
      1500,
      1750,
      2000,
      2250,
      2500,
      2750,
      3000,
      3250,
      3500,
      3750,
      4000,
      4250,
      4500
    ],
    "y": [
      0.0,
      29.099199999999996,
      43.629200000000004,
      54.39040000000001,
      63.81400000000001,
      70.35759999999999,
      73.7388,
      76.7096,
      78.2124,
      78.9396,
      79.0612,
      79.9136,
      81.0852,
      81.29560000000001,
      81.3348,
      81.3596,
      81.3896,
      81.41000000000001,
      81.432
    ]
  }
}