{
  "QD Score": {
    "x": [
      0,
      250,
      500,
      750,
      1000,
      1250,
      1500,
      1750,
      2000,
      2250,
      2500,
      2750,
      3000,
      3250,
      3500,
      3750,
      4000,
      4250,
      4500
    ],
    "y": [
      0.0,
      5602762.576588781,
      8904986.78264907,
      11270321.799492022,
      13290054.405510632,
      14694523.100789964,
      15910032.8744836,
      16636864.775632039,
      17348747.112493668,
      17767966.59312117,
      17878204.13623493,
      17992304.870248582,
      18054602.94057841,
      18142602.492668144,
      18208412.59974641,
      18233790.436055932,
      18262562.451211013,
      18292972.485519893,
      18333976.433044244
    ]
  },
  "Archive Coverage": {
    "x": [
      0,
      250,
      500,
      750,
      1000,
      1250,
      1500,
      1750,
      2000,
      2250,
      2500,
      2750,
      3000,
      3250,
      3500,
      3750,
      4000,
      4250,
      4500
    ],
    "y": [
      0.0,
      27.149600000000003,
      42.546800000000005,
      53.3504,
      62.6228,
      68.7504,
      74.1928,
      77.3644,
      80.4156,
      82.1792,
      82.5036,
      82.9308,
      83.05160000000001,
      83.2852,
      83.45240000000001,
      83.4972,
      83.52720000000001,
      83.55080000000001,
      83.6644
    ]
  }
}