{
  "QD Score": {
    "x": [
      0,
      250,
      500,
      750,
      1000,
      1250,
      1500,
      1750,
      2000,
      2250,
      2500,
      2750,
      3000,
      3250,
      3500,
      3750,
      4000,
      4250,
      4500
    ],
    "y": [
      0.0,
      3640045.0708487476,
      5792378.889081564,
      7339009.080189552,
      8539503.381769685,
      9492474.476416586,
      10265565.047517292,
      10908486.766336584,
      11452051.8225501,
      11907541.003950328,
      12313954.489293834,
      12660123.511345224,
      12971419.949619876,
      13243623.049973266,
      13490154.554504244,
      13717280.15847967,
      13927638.352244474,
      14125415.398585636,
      14304037.673551844
    ]
  },
  "Archive Coverage": {
    "x": [
      0,
      250,
      500,
      750,
      1000,
      1250,
      1500,
      1750,
      2000,
      2250,
      2500,
      2750,
      3000,
      3250,
      3500,
      3750,
      4000,
      4250,
      4500
    ],
    "y": [
      0.0,
      18.235599999999998,
      29.2196,
      37.013200000000005,
      43.0356,
      47.756,
      51.534400000000005,
      54.6548,
      57.2572,
      59.414,
      61.317600000000006,
      62.9224,
      64.3552,
      65.5928,
      66.7172,
      67.7404,
      68.6884,
      69.5796,
      70.3704
    ]
  }
}