{
  "QD Score": {
    "x": [
      0,
      250,
      500,
      750,
      1000,
      1250,
      1500,
      1750,
      2000,
      2250,
      2500,
      2750,
      3000,
      3250,
      3500,
      3750,
      4000,
      4250,
      4500
    ],
    "y": [
      0.0,
      312224.2311596689,
      314557.8342288482,
      315371.57803096523,
      316006.1927949592,
      316554.03835799324,
      316978.26306395285,
      317363.40344340866,
      317711.2630037436,
      318067.7706790678,
      318373.38542427786,
      318650.6139923626,
      318905.1917706896,
      319179.6842933516,
      319399.6860223684,
      319714.4872937511,
      319938.4411121552,
      320154.21526190697,
      320390.16377485613
    ]
  },
  "Archive Coverage": {
    "x": [
      0,
      250,
      500,
      750,
      1000,
      1250,
      1500,
      1750,
      2000,
      2250,
      2500,
      2750,
      3000,
      3250,
      3500,
      3750,
      4000,
      4250,
      4500
    ],
    "y": [
      0.0,
      1.638,
      1.6383999999999999,
      1.6383999999999999,
      1.6383999999999999,
      1.6383999999999999,
      1.6383999999999999,
      1.6383999999999999,
      1.6383999999999999,
      1.6383999999999999,
      1.6383999999999999,
      1.6383999999999999,
      1.6383999999999999,
      1.6383999999999999,
      1.6383999999999999,
      1.6383999999999999,
      1.6383999999999999,
      1.6383999999999999,
      1.6383999999999999
    ]
  }
}