{
  "QD Score": {
    "x": [
      0,
      250,
      500,
      750,
      1000,
      1250,
      1500,
      1750,
      2000,
      2250,
      2500,
      2750,
      3000,
      3250,
      3500,
      3750,
      4000,
      4250,
      4500
    ],
    "y": [
      0.0,
      5515530.160701413,
      8500793.623745989,
      10858057.791566119,
      12960331.512797931,
      14124080.977522964,
      15136294.809992975,
      16068099.663815841,
      16833891.33550618,
      17447399.61392252,
      18325568.585374773,
      18847583.704866458,
      19418873.762256887,
      20096563.367717165,
      20593060.490489382,
      20795065.92632609,
      20898320.889777124,
      20978372.608044647,
      21061194.659714986
    ]
  },
  "Archive Coverage": {
    "x": [
      0,
      250,
      500,
      750,
      1000,
      1250,
      1500,
      1750,
      2000,
      2250,
      2500,
      2750,
      3000,
      3250,
      3500,
      3750,
      4000,
      4250,
      4500
    ],
    "y": [
      0.0,
      26.613999999999997,
      39.176,
      49.113600000000005,
      57.4632,
      61.8224,
      65.8108,
      69.2948,
      72.2688,
      74.844,
      78.3212,
      80.11,
      82.1712,
      84.72840000000001,
      86.58,
      87.27080000000001,
      87.59479999999999,
      87.7892,
      88.0352
    ]
  }
}