{
  "QD Score": {
    "x": [
      0,
      250,
      500,
      750,
      1000,
      1250,
      1500,
      1750,
      2000,
      2250,
      2500,
      2750,
      3000,
      3250,
      3500,
      3750,
      4000,
      4250,
      4500,
      4750,
      5000,
      5250,
      5500,
      5750,
      6000
    ],
    "y": [
      0.0,
      4965469.922036939,
      7825631.985405308,
      9435576.715951448,
      10321861.55564731,
      11178337.387512565,
      12090832.258338312,
      12877020.988223674,
      13480291.049396574,
      13953418.71353245,
      14305161.510097256,
      14463950.503182007,
      14726885.552999783,
      14878278.943729734,
      14902253.602117188,
      14922896.698682806,
      14937884.10180829,
      14950884.050592273,
      14977941.171603883,
      14986380.114145447,
      14994456.96343129,
      15002017.36281142,
      15007810.573751139,
      15014300.523906088,
      15019624.653132392
    ]
  },
  "Archive Coverage": {
    "x": [
      0,
      250,
      500,
      750,
      1000,
      1250,
      1500,
      1750,
      2000,
      2250,
      2500,
      2750,
      3000,
      3250,
      3500,
      3750,
      4000,
      4250,
      4500,
      4750,
      5000,
      5250,
      5500,
      5750,
      6000
    ],
    "y": [
      0.0,
      30.1068,
      46.4328,
      55.2808,
      60.176399999999994,
      64.9304,
      69.9716,
      74.236,
      77.2416,
      79.4392,
      81.3184,
      81.9888,
      83.128,
      83.8584,
      83.9352,
      84.0,
      84.0416,
      84.078,
      84.174,
      84.2056,
      84.2392,
      84.2704,
      84.2912,
      84.3148,
      84.336
    ]
  }
}