{
  "QD Score": {
    "x": [
      0,
      250,
      500,
      750,
      1000,
      1250,
      1500,
      1750,
      2000,
      2250,
      2500,
      2750,
      3000,
      3250,
      3500,
      3750,
      4000,
      4250,
      4500
    ],
    "y": [
      0.0,
      395915.8119473029,
      400784.73178540025,
      404897.8155238798,
      407048.78307740536,
      407787.3370334479,
      408010.1520877058,
      408231.91089064785,
      408444.26539938507,
      408556.0440420195,
      408568.02038426406,
      408776.782774601,
      408884.28998044337,
      409291.77490665094,
      409298.6454868467,
      409306.4337275239,
      409312.2857039288,
      409317.0611845597,
      409322.2999420081
    ]
  },
  "Archive Coverage": {
    "x": [
      0,
      250,
      500,
      750,
      1000,
      1250,
      1500,
      1750,
      2000,
      2250,
      2500,
      2750,
      3000,
      3250,
      3500,
      3750,
      4000,
      4250,
      4500
    ],
    "y": [
      0.0,
      1.5868,
      1.6052,
      1.6212,
      1.6296000000000002,
      1.6324,
      1.6332,
      1.6340000000000001,
      1.6348000000000003,
      1.6351999999999998,
      1.6351999999999998,
      1.636,
      1.6364,
      1.638,
      1.638,
      1.638,
      1.638,
      1.638,
      1.638
    ]
  }
}