{
  "QD Score": {
    "x": [
      0,
      250,
      500,
      750,
      1000,
      1250,
      1500,
      1750,
      2000,
      2250,
      2500,
      2750,
      3000,
      3250,
      3500,
      3750,
      4000,
      4250,
      4500
    ],
    "y": [
      0.0,
      1778126.983239911,
      1895670.6126767697,
      1901102.893137526,
      1903110.4233556462,
      1906537.3330890047,
      1913363.3146991576,
      1915397.0936717747,
      1917079.9682375935,
      1918514.7711430066,
      1919382.8896248254,
      1921620.9235300575,
      1925039.840969514,
      1933319.3759658525,
      1935484.621917952,
      1937112.7379146402,
      1937805.4119220194,
      1939184.7795401933,
      1941083.3243729712
    ]
  },
  "Archive Coverage": {
    "x": [
      0,
      250,
      500,
      750,
      1000,
      1250,
      1500,
      1750,
      2000,
      2250,
      2500,
      2750,
      3000,
      3250,
      3500,
      3750,
      4000,
      4250,
      4500
    ],
    "y": [
      0.0,
      9.4076,
      10.0064,
      10.0356,
      10.0476,
      10.0684,
      10.1116,
      10.123999999999999,
      10.134,
      10.1432,
      10.1484,
      10.1624,
      10.1844,
      10.2396,
      10.252799999999999,
      10.2632,
      10.2676,
      10.276399999999999,
      10.288400000000001
    ]
  }
}