{
  "QD Score": {
    "x": [
      0,
      250,
      500,
      750,
      1000,
      1250,
      1500,
      1750,
      2000,
      2250,
      2500,
      2750,
      3000,
      3250,
      3500,
      3750,
      4000,
      4250,
      4500
    ],
    "y": [
      0.0,
      279286.2036669208,
      326590.3003226748,
      340274.51517393044,
      346246.58956122084,
      351976.77193658997,
      355482.4144545591,
      358699.3213854215,
      360407.72850988095,
      362730.22049646056,
      364264.17877086427,
      365715.6831143795,
      367500.8452108918,
      368502.0476651354,
      369434.6173177689,
      370375.0467552817,
      370963.5270115678,
      371576.7804709106,
      372182.77242552256
    ]
  },
  "Archive Coverage": {
    "x": [
      0,
      250,
      500,
      750,
      1000,
      1250,
      1500,
      1750,
      2000,
      2250,
      2500,
      2750,
      3000,
      3250,
      3500,
      3750,
      4000,
      4250,
      4500
    ],
    "y": [
      0.0,
      1.2935999999999999,
      1.4656,
      1.5188,
      1.5364,
      1.5552,
      1.5655999999999999,
      1.5756,
      1.5796000000000001,
      1.5864,
      1.5896000000000001,
      1.5932000000000002,
      1.5984000000000003,
      1.6004,
      1.6028,
      1.6048,
      1.6056000000000001,
      1.6067999999999998,
      1.608
    ]
  }
}