{
  "QD Score": {
    "x": [
      0,
      250,
      500,
      750,
      1000,
      1250,
      1500,
      1750,
      2000,
      2250,
      2500,
      2750,
      3000
    ],
    "y": [
      0.0,
      7719837.658705945,
      11451522.54000558,
      13218056.7546278,
      14769745.351855377,
      16022951.32664473,
      17448829.722915236,
      17989990.80106856,
      18268035.439802222,
      18555852.54746813,
      18718227.794374224,
      18826189.140378013,
      18843362.01582481
    ]
  },
  "Archive Coverage": {
    "x": [
      0,
      250,
      500,
      750,
      1000,
      1250,
      1500,
      1750,
      2000,
      2250,
      2500,
      2750,
      3000
    ],
    "y": [
      0.0,
      31.2668,
      46.1284,
      53.22280000000001,
      59.4548,
      64.536,
      70.368,
      72.5492,
      73.7,
      74.9752,
      75.66040000000001,
      76.1048,
      76.1636
    ]
  }
}