{
  "QD Score": {
    "x": [
      0,
      250,
      500,
      750,
      1000,
      1250,
      1500,
      1750,
      2000,
      2250,
      2500,
      2750,
      3000
    ],
    "y": [
      0.0,
      6283376.395551543,
      9755565.2051294,
      12036078.190462884,
      13742761.825278692,
      15023044.801841293,
      16329961.033866141,
      17294211.264740996,
      17927447.504387885,
      18799855.41365721,
      19213239.933677565,
      19832661.71219161,
      20062141.235903125
    ]
  },
  "Archive Coverage": {
    "x": [
      0,
      250,
      500,
      750,
      1000,
      1250,
      1500,
      1750,
      2000,
      2250,
      2500,
      2750,
      3000
    ],
    "y": [
      0.0,
      29.180400000000002,
      44.7316,
      54.6164,
      62.3784,
      67.7436,
      73.80799999999999,
      77.7444,
      80.0684,
      83.4272,
      84.7344,
      86.8944,
      87.5612
    ]
  }
}