{
  "QD Score": {
    "x": [
      0,
      250,
      500,
      750,
      1000,
      1250,
      1500,
      1750,
      2000,
      2250,
      2500,
      2750,
      3000,
      3250,
      3500,
      3750,
      4000,
      4250,
      4500
    ],
    "y": [
      0.0,
      1105169.4299035158,
      1747803.778136366,
      2092989.0688017935,
      2309977.9136507423,
      2370269.642075549,
      2556302.545859708,
      2644629.338777041,
      2676312.154556629,
      2701043.087988907,
      2775863.585012882,
      2820755.9427574077,
      2856818.945649409,
      2899124.6314767427,
      2899637.671787221,
      2900229.584717106,
      2900756.7040389082,
      2901059.6367929885,
      2901465.9508206965
    ]
  },
  "Archive Coverage": {
    "x": [
      0,
      250,
      500,
      750,
      1000,
      1250,
      1500,
      1750,
      2000,
      2250,
      2500,
      2750,
      3000,
      3250,
      3500,
      3750,
      4000,
      4250,
      4500
    ],
    "y": [
      0.0,
      8.166,
      11.2612,
      12.4212,
      13.2464,
      13.3164,
      14.232800000000001,
      14.566399999999998,
      14.5952,
      14.651200000000001,
      15.064,
      15.2448,
      15.4344,
      15.714400000000001,
      15.7196,
      15.7256,
      15.73,
      15.7332,
      15.737200000000001
    ]
  }
}