{
  "QD Score": {
    "x": [
      0,
      250,
      500,
      750,
      1000,
      1250,
      1500,
      1750,
      2000,
      2250,
      2500,
      2750,
      3000,
      3250,
      3500,
      3750,
      4000,
      4250,
      4500
    ],
    "y": [
      0.0,
      345384.09600453323,
      354304.0672753159,
      357806.514593777,
      359880.06997027143,
      361079.15278061386,
      361795.88047858764,
      362350.2148664293,
      362975.0157284048,
      363345.0603213647,
      363659.4340129761,
      364054.4346268937,
      364305.1907903162,
      364550.4669387203,
      364766.8564136246,
      364962.60645805066,
      365216.9449839692,
      365405.6316570464,
      365558.67041148886
    ]
  },
  "Archive Coverage": {
    "x": [
      0,
      250,
      500,
      750,
      1000,
      1250,
      1500,
      1750,
      2000,
      2250,
      2500,
      2750,
      3000,
      3250,
      3500,
      3750,
      4000,
      4250,
      4500
    ],
    "y": [
      0.0,
      1.5976000000000001,
      1.6228,
      1.6303999999999998,
      1.6344,
      1.636,
      1.6364,
      1.6368,
      1.6376000000000002,
      1.6376000000000002,
      1.6376000000000002,
      1.638,
      1.638,
      1.638,
      1.638,
      1.638,
      1.6383999999999999,
      1.6383999999999999,
      1.6383999999999999
    ]
  }
}