{
  "QD Score": {
    "x": [
      0,
      250,
      500,
      750,
      1000,
      1250,
      1500,
      1750,
      2000,
      2250,
      2500,
      2750,
      3000
    ],
    "y": [
      0.0,
      4086084.451804409,
      5658157.259034912,
      6684833.671577404,
      7481190.657624073,
      8118182.165823531,
      8646798.725389667,
      9089234.708078483,
      9469467.53122747,
      9798976.845520638,
      10089318.953890327,
      10345194.40756942,
      10569328.917337641
    ]
  },
  "Archive Coverage": {
    "x": [
      0,
      250,
      500,
      750,
      1000,
      1250,
      1500,
      1750,
      2000,
      2250,
      2500,
      2750,
      3000
    ],
    "y": [
      0.0,
      18.689600000000002,
      25.5036,
      29.8444,
      33.1956,
      35.8468,
      38.0436,
      39.8692,
      41.428799999999995,
      42.7672,
      43.9508,
      44.976,
      45.866
    ]
  }
}