{
  "QD Score": {
    "x": [
      0,
      250,
      500,
      750,
      1000,
      1250,
      1500,
      1750,
      2000,
      2250,
      2500,
      2750,
      3000,
      3250,
      3500,
      3750,
      4000,
      4250,
      4500
    ],
    "y": [
      0.0,
      350935.15688442567,
      357780.7703071488,
      359832.6737053456,
      361219.15683416015,
      362162.7912160541,
      362838.33650665404,
      363403.20562592894,
      363918.7003409328,
      364436.7049062266,
      364750.768393583,
      365057.9465584619,
      365319.09848970425,
      365589.18214645085,
      365775.1407185171,
      365985.91425767966,
      366204.5895644872,
      366364.9026151548,
      366530.8521074529
    ]
  },
  "Archive Coverage": {
    "x": [
      0,
      250,
      500,
      750,
      1000,
      1250,
      1500,
      1750,
      2000,
      2250,
      2500,
      2750,
      3000,
      3250,
      3500,
      3750,
      4000,
      4250,
      4500
    ],
    "y": [
      0.0,
      1.6236000000000002,
      1.6364,
      1.6372000000000002,
      1.6376000000000002,
      1.6376000000000002,
      1.6376000000000002,
      1.638,
      1.638,
      1.6383999999999999,
      1.6383999999999999,
      1.6383999999999999,
      1.6383999999999999,
      1.6383999999999999,
      1.6383999999999999,
      1.6383999999999999,
      1.6383999999999999,
      1.6383999999999999,
      1.6383999999999999
    ]
  }
}