{
  "QD Score": {
    "x": [
      0,
      250,
      500,
      750,
      1000,
      1250,
      1500,
      1750,
      2000,
      2250,
      2500,
      2750,
      3000,
      3250,
      3500,
      3750,
      4000,
      4250,
      4500
    ],
    "y": [
      0.0,
      1537491.6660280263,
      1685428.3538066684,
      1688906.414264831,
      1695403.656569405,
      1698464.4277468207,
      1701448.9901196668,
      1707173.3545573934,
      1712667.965618194,
      1722877.966965944,
      1733603.6387998282,
      1741932.5553649194,
      1749829.759016408,
      1758948.3365428848,
      1770630.070881762,
      1780144.9481857633,
      1788605.0585045547,
      1795438.735677999,
      1803256.468751443
    ]
  },
  "Archive Coverage": {
    "x": [
      0,
      250,
      500,
      750,
      1000,
      1250,
      1500,
      1750,
      2000,
      2250,
      2500,
      2750,
      3000,
      3250,
      3500,
      3750,
      4000,
      4250,
      4500
    ],
    "y": [
      0.0,
      7.557600000000001,
      8.2512,
      8.2696,
      8.3072,
      8.3248,
      8.341999999999999,
      8.3756,
      8.408,
      8.468,
      8.531600000000001,
      8.5808,
      8.627600000000001,
      8.681999999999999,
      8.7516,
      8.808399999999999,
      8.8588,
      8.8992,
      8.946
    ]
  }
}