{
  "QD Score": {
    "x": [
      0,
      250,
      500,
      750,
      1000,
      1250,
      1500,
      1750,
      2000,
      2250,
      2500,
      2750,
      3000,
      3250,
      3500,
      3750,
      4000,
      4250,
      4500
    ],
    "y": [
      0.0,
      1912061.0641667726,
      2511447.2429228458,
      2870093.2268152973,
      3125643.7315889187,
      3294650.3838263354,
      3461852.55777923,
      3583598.984931961,
      3729634.489805836,
      3827994.2527981233,
      3889097.097701629,
      3923433.9362371024,
      3960356.54696805,
      3998334.170855506,
      4032465.7236141968,
      4057923.6503511122,
      4100863.3609700864,
      4137372.4176485767,
      4174062.945867716
    ]
  },
  "Archive Coverage": {
    "x": [
      0,
      250,
      500,
      750,
      1000,
      1250,
      1500,
      1750,
      2000,
      2250,
      2500,
      2750,
      3000,
      3250,
      3500,
      3750,
      4000,
      4250,
      4500
    ],
    "y": [
      0.0,
      8.4108,
      11.0124,
      12.628800000000002,
      13.7624,
      14.542,
      15.2776,
      15.815999999999999,
      16.470399999999998,
      16.883200000000002,
      17.1424,
      17.2788,
      17.430799999999998,
      17.586399999999998,
      17.7328,
      17.841199999999997,
      18.0172,
      18.1696,
      18.3324
    ]
  }
}