{
  "QD Score": {
    "x": [
      0,
      250,
      500,
      750,
      1000,
      1250,
      1500,
      1750,
      2000,
      2250,
      2500,
      2750,
      3000,
      3250,
      3500,
      3750,
      4000,
      4250,
      4500
    ],
    "y": [
      0.0,
      31396.312060568154,
      32742.09766855676,
      33332.91510592466,
      33964.36870299392,
      34414.895430633725,
      34880.63561470677,
      35139.024064009776,
      35268.14177668916,
      35460.2037867253,
      35986.03033361233,
      36192.16745427932,
      36333.00742816464,
      36430.74643324853,
      36595.275231198095,
      36671.48620772081,
      36791.96018355871,
      36793.161855081096,
      36956.16263016932
    ]
  },
  "Archive Coverage": {
    "x": [
      0,
      250,
      500,
      750,
      1000,
      1250,
      1500,
      1750,
      2000,
      2250,
      2500,
      2750,
      3000,
      3250,
      3500,
      3750,
      4000,
      4250,
      4500
    ],
    "y": [
      0.0,
      0.1376,
      0.14400000000000002,
      0.146,
      0.1488,
      0.1508,
      0.15280000000000002,
      0.154,
      0.1544,
      0.1552,
      0.1576,
      0.15839999999999999,
      0.1592,
      0.1596,
      0.1604,
      0.1608,
      0.16119999999999998,
      0.16119999999999998,
      0.16199999999999998
    ]
  }
}