{
  "QD Score": {
    "x": [
      0,
      250,
      500,
      750,
      1000,
      1250,
      1500,
      1750,
      2000,
      2250,
      2500,
      2750,
      3000,
      3250,
      3500,
      3750,
      4000,
      4250,
      4500
    ],
    "y": [
      0.0,
      332711.51718429103,
      344252.5989622383,
      346219.0358512172,
      347421.7296589632,
      348341.359069696,
      349113.20349608694,
      349812.2103182536,
      350365.82943162107,
      350863.6228686995,
      351354.3255739559,
      351753.25987975823,
      352092.7481082643,
      352489.91778449574,
      352880.88979797444,
      353188.8299398675,
      353508.8766067364,
      353763.34258304775,
      354062.6517028914
    ]
  },
  "Archive Coverage": {
    "x": [
      0,
      250,
      500,
      750,
      1000,
      1250,
      1500,
      1750,
      2000,
      2250,
      2500,
      2750,
      3000,
      3250,
      3500,
      3750,
      4000,
      4250,
      4500
    ],
    "y": [
      0.0,
      1.636,
      1.6383999999999999,
      1.6383999999999999,
      1.6383999999999999,
      1.6383999999999999,
      1.6383999999999999,
      1.6383999999999999,
      1.6383999999999999,
      1.6383999999999999,
      1.6383999999999999,
      1.6383999999999999,
      1.6383999999999999,
      1.6383999999999999,
      1.6383999999999999,
      1.6383999999999999,
      1.6383999999999999,
      1.6383999999999999,
      1.6383999999999999
    ]
  }
}