{
  "QD Score": {
    "x": [
      0,
      250,
      500,
      750,
      1000,
      1250,
      1500,
      1750,
      2000,
      2250,
      2500,
      2750,
      3000,
      3250,
      3500,
      3750,
      4000,
      4250,
      4500
    ],
    "y": [
      0.0,
      23085.68558529202,
      35158.92261027709,
      45248.4343762788,
      54480.384279285034,
      62254.26172012894,
      69105.56207231051,
      75265.70903283893,
      81456.32981127643,
      86729.1062870138,
      91270.29335390596,
      96678.23515604172,
      99971.30086193726,
      103892.44903197332,
      107704.86567269696,
      110738.2772029596,
      113791.88493796202,
      116407.53882234193,
      119169.43780563795
    ]
  },
  "Archive Coverage": {
    "x": [
      0,
      250,
      500,
      750,
      1000,
      1250,
      1500,
      1750,
      2000,
      2250,
      2500,
      2750,
      3000,
      3250,
      3500,
      3750,
      4000,
      4250,
      4500
    ],
    "y": [
      0.0,
      0.1144,
      0.1772,
      0.2288,
      0.2756,
      0.3144,
      0.3472,
      0.37520000000000003,
      0.404,
      0.42839999999999995,
      0.44920000000000004,
      0.4744,
      0.4888,
      0.5055999999999999,
      0.522,
      0.5352,
      0.5488,
      0.5604,
      0.5724
    ]
  }
}