{
  "QD Score": {
    "x": [
      0,
      250,
      500,
      750,
      1000,
      1250,
      1500,
      1750,
      2000,
      2250,
      2500,
      2750,
      3000,
      3250,
      3500,
      3750,
      4000,
      4250,
      4500,
      4750,
      5000,
      5250,
      5500,
      5750,
      6000
    ],
    "y": [
      0.0,
      5538920.665041395,
      8279989.974876033,
      9728826.44239741,
      10473548.261341926,
      11337658.19616389,
      11940676.020486893,
      12426096.959500859,
      12718426.226516506,
      12845669.471909925,
      12900697.401360448,
      13032634.132496463,
      13248742.497886872,
      13488925.930725137,
      13572471.991510345,
      13616514.252151433,
      13628300.277749527,
      13636529.281445293,
      13643233.167172745,
      13650343.498112539,
      13656290.316060912,
      13661762.886946123,
      13669003.258741893,
      13676040.131777361,
      13681199.72617711
    ]
  },
  "Archive Coverage": {
    "x": [
      0,
      250,
      500,
      750,
      1000,
      1250,
      1500,
      1750,
      2000,
      2250,
      2500,
      2750,
      3000,
      3250,
      3500,
      3750,
      4000,
      4250,
      4500,
      4750,
      5000,
      5250,
      5500,
      5750,
      6000
    ],
    "y": [
      0.0,
      30.368000000000002,
      44.8028,
      52.70399999999999,
      57.184400000000004,
      62.488,
      65.96640000000001,
      68.88119999999999,
      70.74719999999999,
      71.44040000000001,
      71.53399999999999,
      72.0228,
      73.2168,
      74.4812,
      74.90679999999999,
      75.1288,
      75.1572,
      75.17479999999999,
      75.1956,
      75.2136,
      75.2308,
      75.2448,
      75.256,
      75.27080000000001,
      75.28
    ]
  }
}