{
  "QD Score": {
    "x": [
      0,
      250,
      500,
      750,
      1000,
      1250,
      1500,
      1750,
      2000,
      2250,
      2500,
      2750,
      3000,
      3250,
      3500,
      3750,
      4000,
      4250,
      4500
    ],
    "y": [
      0.0,
      1490464.2606812369,
      2214621.812882745,
      2361953.1273333477,
      2408221.973675548,
      2432516.331048497,
      2435840.6595931263,
      2437384.4019193007,
      2439443.0597290704,
      2441303.4351157118,
      2442539.6634328202,
      2443735.3332441063,
      2445093.818673837,
      2446310.3724317504,
      2447390.93829862,
      2448606.7954548313,
      2450278.8987495145,
      2451524.505144028,
      2452626.5115513164
    ]
  },
  "Archive Coverage": {
    "x": [
      0,
      250,
      500,
      750,
      1000,
      1250,
      1500,
      1750,
      2000,
      2250,
      2500,
      2750,
      3000,
      3250,
      3500,
      3750,
      4000,
      4250,
      4500
    ],
    "y": [
      0.0,
      7.6072,
      11.7796,
      12.6568,
      12.945599999999999,
      13.08,
      13.098399999999998,
      13.107199999999999,
      13.1184,
      13.128799999999998,
      13.136000000000001,
      13.1428,
      13.150400000000001,
      13.156799999999999,
      13.162799999999999,
      13.1696,
      13.1792,
      13.1856,
      13.191600000000001
    ]
  }
}