{
  "QD Score": {
    "x": [
      0,
      250,
      500,
      750,
      1000,
      1250,
      1500,
      1750,
      2000,
      2250,
      2500,
      2750,
      3000,
      3250,
      3500,
      3750,
      4000,
      4250,
      4500
    ],
    "y": [
      0.0,
      245174.50384406932,
      297959.38347819576,
      316309.1137951823,
      326417.10621009086,
      332162.80275143695,
      337325.9852207502,
      341518.183802742,
      344091.7669414051,
      347096.73460540385,
      349451.7058017576,
      350890.32421524986,
      352495.5286179561,
      354248.34309414215,
      355278.1304255626,
      356255.8853396897,
      356948.09618503065,
      357551.7549067495,
      358061.5825938041
    ]
  },
  "Archive Coverage": {
    "x": [
      0,
      250,
      500,
      750,
      1000,
      1250,
      1500,
      1750,
      2000,
      2250,
      2500,
      2750,
      3000,
      3250,
      3500,
      3750,
      4000,
      4250,
      4500
    ],
    "y": [
      0.0,
      1.1156,
      1.3512,
      1.432,
      1.4748,
      1.4984000000000002,
      1.5204,
      1.538,
      1.5476,
      1.5596,
      1.5692000000000002,
      1.5744,
      1.5808,
      1.5879999999999999,
      1.592,
      1.5959999999999999,
      1.5984000000000003,
      1.6004,
      1.6019999999999999
    ]
  }
}