{
  "QD Score": {
    "x": [
      0,
      250,
      500,
      750,
      1000,
      1250,
      1500,
      1750,
      2000,
      2250,
      2500,
      2750,
      3000,
      3250,
      3500,
      3750,
      4000,
      4250,
      4500
    ],
    "y": [
      0.0,
      307395.5319168736,
      327748.948013109,
      343955.55102850974,
      353192.5872929573,
      353236.011767555,
      353274.62156650453,
      353307.1374344907,
      353351.59575709025,
      353375.99926156056,
      353410.59938598925,
      353421.04366015544,
      353448.37701891875,
      353466.30079067824,
      353487.17485623114,
      353494.9261080498,
      353505.0334966831,
      353515.44436160993,
      353539.1322964055
    ]
  },
  "Archive Coverage": {
    "x": [
      0,
      250,
      500,
      750,
      1000,
      1250,
      1500,
      1750,
      2000,
      2250,
      2500,
      2750,
      3000,
      3250,
      3500,
      3750,
      4000,
      4250,
      4500
    ],
    "y": [
      0.0,
      1.6312,
      1.6383999999999999,
      1.6383999999999999,
      1.6383999999999999,
      1.6383999999999999,
      1.6383999999999999,
      1.6383999999999999,
      1.6383999999999999,
      1.6383999999999999,
      1.6383999999999999,
      1.6383999999999999,
      1.6383999999999999,
      1.6383999999999999,
      1.6383999999999999,
      1.6383999999999999,
      1.6383999999999999,
      1.6383999999999999,
      1.6383999999999999
    ]
  }
}