{
  "QD Score": {
    "x": [
      0,
      250,
      500,
      750,
      1000,
      1250,
      1500,
      1750,
      2000,
      2250,
      2500,
      2750,
      3000,
      3250,
      3500,
      3750,
      4000,
      4250,
      4500
    ],
    "y": [
      0.0,
      347503.86923556274,
      356529.67438238824,
      359378.47358980874,
      360949.02492978575,
      361890.1524093469,
      362677.36391451873,
      363187.8393999314,
      363608.6253468824,
      363974.1550328137,
      364357.88592785585,
      364729.66131968994,
      364977.3563424557,
      365197.92295042466,
      365394.24298486277,
      365572.1556576063,
      365737.3069284277,
      365891.48563678446,
      366014.09053220425
    ]
  },
  "Archive Coverage": {
    "x": [
      0,
      250,
      500,
      750,
      1000,
      1250,
      1500,
      1750,
      2000,
      2250,
      2500,
      2750,
      3000,
      3250,
      3500,
      3750,
      4000,
      4250,
      4500
    ],
    "y": [
      0.0,
      1.6024,
      1.63,
      1.6348000000000003,
      1.6368,
      1.6372000000000002,
      1.6376000000000002,
      1.6376000000000002,
      1.6376000000000002,
      1.6376000000000002,
      1.638,
      1.6383999999999999,
      1.6383999999999999,
      1.6383999999999999,
      1.6383999999999999,
      1.6383999999999999,
      1.6383999999999999,
      1.6383999999999999,
      1.6383999999999999
    ]
  }
}