{
  "QD Score": {
    "x": [
      0,
      250,
      500,
      750,
      1000,
      1250,
      1500,
      1750,
      2000,
      2250,
      2500,
      2750,
      3000,
      3250,
      3500,
      3750,
      4000,
      4250,
      4500
    ],
    "y": [
      0.0,
      336908.38216311706,
      346009.63228062284,
      348899.0289621426,
      350786.78500843304,
      351900.21341312985,
      352791.8054001691,
      353456.8697377149,
      354051.5550084606,
      354499.0708624951,
      354852.07353912573,
      355237.0397374496,
      355507.4208051502,
      355814.0623617639,
      356042.3497953142,
      356264.6856067251,
      356510.4030042492,
      356717.4534811338,
      356903.5821334954
    ]
  },
  "Archive Coverage": {
    "x": [
      0,
      250,
      500,
      750,
      1000,
      1250,
      1500,
      1750,
      2000,
      2250,
      2500,
      2750,
      3000,
      3250,
      3500,
      3750,
      4000,
      4250,
      4500
    ],
    "y": [
      0.0,
      1.6067999999999998,
      1.6288,
      1.6336,
      1.636,
      1.6368,
      1.6376000000000002,
      1.6376000000000002,
      1.638,
      1.638,
      1.638,
      1.6383999999999999,
      1.6383999999999999,
      1.6383999999999999,
      1.6383999999999999,
      1.6383999999999999,
      1.6383999999999999,
      1.6383999999999999,
      1.6383999999999999
    ]
  }
}