{
  "QD Score": {
    "x": [
      0,
      250,
      500,
      750,
      1000,
      1250,
      1500,
      1750,
      2000,
      2250,
      2500,
      2750,
      3000,
      3250,
      3500,
      3750,
      4000,
      4250,
      4500
    ],
    "y": [
      0.0,
      4209460.769820226,
      6747073.955236445,
      8483560.649400223,
      9790411.893637434,
      10828885.022378007,
      11670703.383353686,
      12395721.106445663,
      12998755.324942457,
      13514295.132719869,
      13946261.300373873,
      14340341.735185975,
      14691189.318284914,
      15004132.187725643,
      15286420.713070774,
      15546701.821699824,
      15784295.559618456,
      16004132.095266193,
      16212341.907610316
    ]
  },
  "Archive Coverage": {
    "x": [
      0,
      250,
      500,
      750,
      1000,
      1250,
      1500,
      1750,
      2000,
      2250,
      2500,
      2750,
      3000,
      3250,
      3500,
      3750,
      4000,
      4250,
      4500
    ],
    "y": [
      0.0,
      18.7008,
      30.159999999999997,
      37.948,
      43.7432,
      48.300399999999996,
      51.957600000000006,
      55.0712,
      57.6352,
      59.80799999999999,
      61.596399999999996,
      63.2292,
      64.6688,
      65.9476,
      67.09479999999999,
      68.1584,
      69.1344,
      70.0256,
      70.8804
    ]
  }
}