{
  "QD Score": {
    "x": [
      0,
      250,
      500,
      750,
      1000,
      1250,
      1500,
      1750,
      2000,
      2250,
      2500,
      2750,
      3000,
      3250,
      3500,
      3750,
      4000,
      4250,
      4500
    ],
    "y": [
      0.0,
      1986764.4884589976,
      2082013.245280242,
      2088881.3515469693,
      2090100.2439536902,
      2091329.9667041828,
      2092021.670540756,
      2092749.5875545254,
      2093039.4245657972,
      2093062.6451537386,
      2093574.3931781724,
      2094130.968192684,
      2094389.4734274226,
      2094662.7489802153,
      2094860.2062737895,
      2095112.0842260597,
      2095549.9709023389,
      2095827.022840273,
      2096011.7857515467
    ]
  },
  "Archive Coverage": {
    "x": [
      0,
      250,
      500,
      750,
      1000,
      1250,
      1500,
      1750,
      2000,
      2250,
      2500,
      2750,
      3000,
      3250,
      3500,
      3750,
      4000,
      4250,
      4500
    ],
    "y": [
      0.0,
      9.5632,
      10.0052,
      10.036399999999999,
      10.042,
      10.0476,
      10.0508,
      10.054,
      10.055200000000001,
      10.055200000000001,
      10.0576,
      10.059999999999999,
      10.0612,
      10.0624,
      10.0632,
      10.0644,
      10.0664,
      10.0676,
      10.0684
    ]
  }
}