{
  "QD Score": {
    "x": [
      0,
      250,
      500,
      750,
      1000,
      1250,
      1500,
      1750,
      2000,
      2250,
      2500,
      2750,
      3000,
      3250,
      3500,
      3750,
      4000,
      4250,
      4500
    ],
    "y": [
      0.0,
      30649.000073569976,
      31321.012400632193,
      31750.142358890167,
      32323.434090614304,
      32464.304970218138,
      32716.618558025708,
      32836.77621664628,
      32894.757828049405,
      33092.25081246316,
      33284.82068407497,
      33303.061279449146,
      33448.660520065285,
      33523.00742694481,
      33531.44554318156,
      33539.61490857517,
      33543.874887639395,
      33570.55190581406,
      33607.15070024344
    ]
  },
  "Archive Coverage": {
    "x": [
      0,
      250,
      500,
      750,
      1000,
      1250,
      1500,
      1750,
      2000,
      2250,
      2500,
      2750,
      3000,
      3250,
      3500,
      3750,
      4000,
      4250,
      4500
    ],
    "y": [
      0.0,
      0.13040000000000002,
      0.13240000000000002,
      0.134,
      0.1364,
      0.1372,
      0.13799999999999998,
      0.1384,
      0.1384,
      0.13879999999999998,
      0.1396,
      0.1396,
      0.1408,
      0.1408,
      0.1408,
      0.1408,
      0.1408,
      0.1408,
      0.1412
    ]
  }
}