{
  "QD Score": {
    "x": [
      0,
      250,
      500,
      750,
      1000,
      1250,
      1500,
      1750,
      2000,
      2250,
      2500,
      2750,
      3000,
      3250,
      3500,
      3750,
      4000,
      4250,
      4500
    ],
    "y": [
      0.0,
      327401.399790424,
      337488.9089171917,
      342099.953743828,
      345401.15392163664,
      348289.89450444595,
      350569.60864092567,
      352148.84945528465,
      353542.0524443217,
      354868.8092031751,
      356130.7621910917,
      357165.23266966856,
      358145.9568844193,
      359148.88343120774,
      360003.27517840354,
      360719.06307577196,
      361367.79837428674,
      362104.7687795679,
      362826.39538446115
    ]
  },
  "Archive Coverage": {
    "x": [
      0,
      250,
      500,
      750,
      1000,
      1250,
      1500,
      1750,
      2000,
      2250,
      2500,
      2750,
      3000,
      3250,
      3500,
      3750,
      4000,
      4250,
      4500
    ],
    "y": [
      0.0,
      1.6348000000000003,
      1.6372000000000002,
      1.638,
      1.638,
      1.6383999999999999,
      1.6383999999999999,
      1.6383999999999999,
      1.6383999999999999,
      1.6383999999999999,
      1.6383999999999999,
      1.6383999999999999,
      1.6383999999999999,
      1.6383999999999999,
      1.6383999999999999,
      1.6383999999999999,
      1.6383999999999999,
      1.6383999999999999,
      1.6383999999999999
    ]
  }
}