{
  "QD Score": {
    "x": [
      0,
      250,
      500,
      750,
      1000,
      1250,
      1500,
      1750,
      2000,
      2250,
      2500,
      2750,
      3000,
      3250,
      3500,
      3750,
      4000,
      4250,
      4500
    ],
    "y": [
      0.0,
      2809052.910106399,
      3506058.6672069808,
      3897669.124394995,
      4116624.535520136,
      4284855.30778222,
      4391477.862221795,
      4409914.675445192,
      4503020.717795406,
      4555650.382849349,
      4675642.583420642,
      4783944.4332023095,
      4819921.836607063,
      4849034.3816007245,
      4872337.444988331,
      4891062.164800645,
      4920330.484797535,
      4984538.774357203,
      5032188.745820373
    ]
  },
  "Archive Coverage": {
    "x": [
      0,
      250,
      500,
      750,
      1000,
      1250,
      1500,
      1750,
      2000,
      2250,
      2500,
      2750,
      3000,
      3250,
      3500,
      3750,
      4000,
      4250,
      4500
    ],
    "y": [
      0.0,
      14.026,
      16.8844,
      18.508399999999998,
      18.968,
      19.5468,
      19.9372,
      19.9752,
      20.226,
      20.391599999999997,
      20.7632,
      21.008,
      21.012800000000002,
      21.019199999999998,
      21.023600000000002,
      21.029600000000002,
      21.066399999999998,
      21.2708,
      21.4116
    ]
  }
}