{
  "QD Score": {
    "x": [
      0,
      250,
      500,
      750,
      1000,
      1250,
      1500,
      1750,
      2000,
      2250,
      2500,
      2750,
      3000,
      3250,
      3500,
      3750,
      4000,
      4250,
      4500
    ],
    "y": [
      0.0,
      6874055.035360186,
      10563546.467467478,
      12346928.853369754,
      13680552.337597696,
      14921721.613402322,
      15507890.57090447,
      15935880.50972568,
      16217982.738447012,
      16490345.593367405,
      16532444.086072907,
      16627481.073646592,
      16706364.199974703,
      16877616.569535855,
      17288626.427956372,
      17458007.586852726,
      17555187.970167525,
      17570174.450303078,
      17574585.38358515
    ]
  },
  "Archive Coverage": {
    "x": [
      0,
      250,
      500,
      750,
      1000,
      1250,
      1500,
      1750,
      2000,
      2250,
      2500,
      2750,
      3000,
      3250,
      3500,
      3750,
      4000,
      4250,
      4500
    ],
    "y": [
      0.0,
      30.1712,
      44.3344,
      50.96079999999999,
      56.1732,
      61.4936,
      63.8088,
      65.4568,
      66.5272,
      67.6876,
      67.8124,
      68.1388,
      68.4088,
      69.0672,
      70.7848,
      71.4092,
      71.7436,
      71.78320000000001,
      71.798
    ]
  }
}